Image,Method,Min Distance,Detected Cells,True Cells,True Positives,False Positives,False Negatives,Precision,Recall,F1 Score
Image 1,boundary_distance,8,242,242,203,33,39,0.8601694915254238,0.8388429752066116,0.8493723849372384
Image 2,intensity_based,5,260,311,217,38,94,0.8509803921568627,0.6977491961414791,0.7667844522968197
Image 3,intensity_based,10,560,509,442,86,67,0.8371212121212122,0.8683693516699411,0.8524590163934427
