Image,Method,Min Distance,Detected Cells,True Cells,True Positives,Precision,Recall,F1 Score
Image 1,boundary_distance,8,242,242,203,0.8601694915254238,0.8388429752066116,0.8493723849372384
Image 2,intensity_based,6,247,311,210,0.8677685950413223,0.6752411575562701,0.759493670886076
Image 3,intensity_based,10,560,509,442,0.8371212121212122,0.8683693516699411,0.8524590163934427
