Image,Method,Min Distance,Detected Cells,True Cells,True Positives,Precision,Recall,F1 Score
Image 1,intensity_based,10,126,242,123,0.9761904761904762,0.5082644628099173,0.6684782608695653
Image 2,intensity_based,10,105,311,103,0.9809523809523809,0.3311897106109325,0.4951923076923077
Image 3,intensity_based,10,490,509,453,0.9244897959183673,0.8899803536345776,0.9069069069069069
